word_english,word_hebrew,description_en
addition,תוספת,the action or process of adding something to something else.
advance,קידום,"move forward, typically in a purposeful way."
advanced,מתקדם,far on or ahead in development or progress.
advertising,פרסום,the activity or profession of producing advertisements for commercial products or services.
among other things,בין היתר,including other things in addition to those mentioned.
analysis,ניתוח,detailed examination of the elements or structure of something.
appear,להופיע,come into sight; become visible or noticeable.
approach,גישה,a way of dealing with something.
as,כמו,used to indicate the function or character that someone or something has.
at least,לפחות,not less than; at the minimum.
average,ממוצע,a number expressing the central or typical value in a set of data.
be responsible for something/doing something,להיות אחראי על,"having an obligation to do something, or having control over or care for someone, as part of one's job or role."
before,לפני,during the period of time preceding (a particular event or time).
besides,בנוסף,in addition; apart from.
can,יכול,used to indicate possibility or ability.
challenge,אתגר,a task or situation that tests someone's abilities.
chance,הזדמנות,a possibility of something happening.
change,שינוי,the act or instance of making or becoming different.
characteristic,תכונה,"a feature or quality belonging typically to a person, place, or thing and serving to identify it."
claim,טענה,"state or assert that something is the case, typically without providing evidence or proof."
"come after/first/last, etc","לבוא אחרי/ראשון/אחרון, וכו'",occur or follow after a particular event or time.
common,נפוץ,"occurring, found, or done often; prevalent."
complicated,מורכב,consisting of many interconnecting parts or elements.
concern,דאגה,a matter of interest or importance to someone.
conditions,תנאים,the circumstances or factors affecting the way people live or work.
conduct,להתנהג,"the manner in which a person behaves, especially in a particular place or situation."
consequence,תוצאה,a result or effect of an action or condition.
considerable,משמעותי,"notably large in size, amount, or extent."
cope,להתמודד,deal effectively with something difficult.
critic,מבקר,a person who expresses an unfavorable opinion of something.
current,נוכחי,belonging to the present time; happening or being used or done now.
decrease,הפחתה,"make or become smaller or fewer in size, amount, intensity, or degree."
delayed,מאוחר,happening or done later than expected or intended.
deliberately,בכוונה,consciously and intentionally; on purpose.
demonstrate,להדגיש,clearly show the existence or truth of something by giving proof or evidence.
design,עיצוב,"a plan or drawing produced to show the look and function or workings of a building, garment, or other object before it is built or made."
destruction,השמדה,the action or process of causing so much damage to something that it no longer exists or cannot be repaired.
development,פיתוח,the process of developing or being developed.
disagreement,התנגדות,lack of consensus or approval.
disaster,אסון,"a sudden event, such as an accident or a natural catastrophe, that causes great damage or loss of life."
discovery,גילוי,the act of finding or learning something for the first time.
dislike,אי-אהבה,a feeling of distaste or hostility.
do,לעשות,perform an action or activity.
doubt,ספק,a feeling of uncertainty or lack of conviction.
drop,להפיל,let or make (something) fall vertically.
educate,לחנך,"give intellectual, moral, and social instruction to someone, typically at a school or university."
efficient,יעיל,achieving maximum productivity with minimum wasted effort or expense.
emphasis,הדגשה,"special importance, value, or prominence given to something."
enjoyable,נעים,giving delight or pleasure.
essay,מאמר,a short piece of writing on a particular subject.
essentially,בעיקר,"used to emphasize the basic, fundamental, or intrinsic nature of a person, thing, or situation."
even if,גם אם,introducing a conditional clause.
even though,אף על פי ש,introducing a concessive clause.
event,אירוע,"a thing that happens, especially one of importance."
exactly,בדיוק,used to emphasize the accuracy of a figure or description.
except that,חוץ מזה,apart from the fact that; with the exception that.
exist,לקיים,have objective reality or being.
extraordinary,יוצא מן הכלל,very unusual or remarkable.
feature,תכונה,a distinctive attribute or aspect of something.
feedback,משוב,"information about reactions to a product, a person's performance of a task, etc., used as a basis for improvement."
figure (n),דמות,a person's bodily shape (+ to figure (v) - להבין - to understand)
financial,פיננסי,relating to finance.
finding/findings,ממצאים,"a conclusion reached as a result of an inquiry, investigation, or discovery."
flexible,גמיש,capable of bending easily without breaking.
flood,שיטפון,"an overflow of a large amount of water beyond its normal limits, especially over what is normally dry land."
flu,שפעת,"a highly contagious viral infection of the respiratory passages causing fever, severe aching, and catarrh, and often occurring in epidemics."
focus on/upon somebody/something,להתמקד ב,direct one's attention or efforts towards something.
focus,מוקד,the center of interest or activity.
frequent,תדיר,"occurring or done on many occasions, in many cases, or in quick succession."
fresh,טרי,"recently made or obtained; not canned, frozen, or otherwise preserved."
frighten,להפחיד,make (someone) afraid or anxious.
from,מ,"indicating the point in space at which a journey, motion, or action starts."
gain,להרוויח,obtain or secure (something desirable).
generate,ליצור,"produce or create (something), typically energy or money."
guidance,הדרכה,"advice or information aimed at resolving a problem or difficulty, especially as given by someone in authority."
hopefully,בתקווה,in a hopeful manner.
ideal,אידיאלי,satisfying one's conception of what is perfect; most suitable.
illness,מחלה,a disease or period of sickness affecting the body or mind.
illustrate,להמחיש,"provide (a book, newspaper, etc.) with pictures."
image,תמונה,a representation of the external form of a person or thing in art.
in,ב,expressing the situation of something that is or appears to be enclosed or surrounded by something else.
"""in … terms / in terms of something""",במונחים של,in relation to the particular aspect or subject specified.
in actual fact,בעצם,"used to emphasize the truth of a statement, especially one contrary to what might be expected or what has been asserted."
in connection with something,בקשר ל,concerning or regarding.
in that case,במקרה ההוא,because of the fact that; if that is the case.
in the meantime,בינתיים,during the same period of time.
initial,ראשוני,existing at the beginning.
instruction,הוראה,a direction or order.
intelligence,אומץ מחשבה,the ability to learn and use knowledge and skills.
interest,עניין,the feeling of wanting to know or learn about something or someone.
introduce,להכיר,to use something for the first time.
invest,להשקיע,put (money) into something with the expectation of receiving a profit.
investigate,לחקור,to research something to discover and examine the facts so as to find the truth.
just about,בערך,very nearly.
keep on doing something,להמשיך לעשות משהו,continue doing something.
kind of,מסוגנן,"almost, a little bit."
knowledge,ידע,"facts, information, and skills acquired through experience or education; understanding of a subject."
lack,חוסר,not having (enough of) something.
landscape,נוף,the beautiful things you can see in an area of countryside or land
likely,סביר,something that could happen or be true; probable.
limited,מוגבל,"few, small, or short."
little,מעט,"small in size, amount, or degree."
look at something,להסתכל על משהו,to see something on purpose.
low,נמוך,not tall.
material,חומר,the matter from which a thing is or can be made.
mean,מכוון,to have a definition
means,אמצעים,a method.
measure,מידה,"find the size, amount, or degree of (something) by using an instrument"
mention,להזכיר,refer to something briefly and without going into detail.
miss,לוותר,"fail to hit, reach, or come into contact with (something aimed at)."
misunderstand,לא להבין,not understand (something) correctly.
more or less,בערך,a little bit; somewhat.
must,חייב,something that is necessary.
naturally,באופן טבעי,in a normal manner; without artificial aid.
nature,טבע,"the physical world: plants, animals, the landscape, and other features and products of the earth."
necessarily,לא חובה,as a necessity.
nevertheless,בכל זאת,in spite of that; notwithstanding; all the same.
not at all,לא בכלל,used as a polite response to thanks.
not only,לא רק,.
notice,להבחין,become aware of.
objective,מטרה,"a thing that someone wants, a goal."
occasional,מזדמן,something that happens only sometimes.
official,רשמי,"relating to an authority or public body and its duties, actions, and responsibilities."
on the one hand ... on the other hand,מצד אחד ... מצד שני,a sentence and another sentence that means the opposite
once,פעם אחת,on one occasion or for one time only.
others,אחרים,different or distinct.
otherwise,אחרת,in circumstances different from those present or considered; or else.
out of date,לא בתוקף,no longer relevant or in fashionable.
participate,להשתתף,take part in an activity or event.
particular,מסוים,an individual member of a group or class.
past,עבר,gone by in time and no longer existing.
perform,לבצע,"do, carry out, accomplish, or fulfill (an action, task, or function)."
personality,אישיות,an individual's distinctive character.
personally,באופן אישי,by a human.
planet,כוכב לכת,a celestial body moving in an elliptical orbit around a star.
planning,תכנון,the process of making plans for something.
plant,צמח,"trees, shrubs, herbs, grasses, ferns, and mosses."
point of view,נקודת מבט,a particular way of seeing a matter.
policy,מדיניות,a course of action adopted or proposed by an organization or individual.
pollution,זיהום,a substance or thing that has harmful or poisonous effects.
popular,פופולרי,"liked, admired, or enjoyed by many people"
population,אוכלוסיה,all the people living in a particular place.
prevent,למנוע,to keep (something) from happening.
priority,עדיפות,being regarded or treated as more important.
private,פרטי,belonging to or for the use of one particular person or group of people only.
probable,סביר,likely to be the case or to happen.
produce,לייצר,make from components or raw materials.
profession,מקצוע,a paid occupation or job.
professor,פרופסור,a teacher of the highest rank in a college or university.
proof,ראיון,evidence or argument establishing a fact or the truth of a statement.
proposed,צוין,a plan given for consideration by others.
protest,להפגין,to disagree with what someone has said or done.
provided (that),בתנאי,on the condition or understanding that.
psychology,פסיכולוגיה,the study of the human mind and its functions
public,ציבור,concerning the people as a whole.
purpose,מטרה,the reason for which something is done or created
quality,איכות,the level of excellence of something.
question,שאלה,a sentence worded or expressed so as to elicit information.
question,להעלות שאלה,ask questions of (someone)
questionnaire,שאלון,a set of questions with a choice of answers.
react,להגיב,respond or behave in response to something.
reasonable,סביר,fair and sensible.
recommend,להמליץ,to say someone or something is right for a certain role.
recycle,למחזר,convert (waste) into reusable material.
regard,לראות,consider or think of (someone or something) in a specified way.
region,אזור,"an area, especially part of a country or the world"
regular,קבוע,arranged in or constituting a constant or definite pattern
relevant,רלוונטי,closely connected or appropriate to what is being done or considered.
reliable,אמין,consistently good in quality or performance; able to be trusted.
rely on/upon sb/something,לסמוך על,depend on with full trust or confidence.
request,בקשה,an act of asking politely or formally for something.
research,מחקר,the systematic investigation into and study of materials and sources in order to establish facts and reach new conclusions.
result,תוצאה,"a consequence, effect, or outcome of something."
review,ביקורת,a formal assessment or examination of something with the possibility or intention of instituting change if necessary.
revise,לערוך חזרה על,reconsider and alter (something) in light of further evidence.
risk,סיכון,a situation involving exposure to danger.
run out of,"לסיים את המלאי, לאזול",exhaust the supply of; use up the available amount of.
rural,כפרי,"in, relating to, or characteristic of the countryside rather than the town."
salary,משכורת,"a fixed regular payment, typically paid on a monthly basis but often expressed as an annual sum, made by an employer to an employee, especially a professional or white-collar worker."
sample,דוגמית,a small part or quantity intended to show what the whole is like.
seldom,לעיתים רחוקות,not often; rarely.
sense,הגיון,"a faculty by which the body perceives an external stimulus; one of the faculties of sight, smell, hearing, taste, and touch."
set up something or set something up,להתקין,put (something) in place or in order.
significant,חשוב,sufficiently great or important to be worthy of attention; noteworthy.
skilled,מיומן,"having or showing the knowledge, ability, or training to perform a certain activity or task well."
slight,קל,small in degree; inconsiderable.
specialist,מומחה,a person who concentrates primarily on a particular subject or activity; a person highly skilled in a specific and restricted field.
specific,ספציפי,clearly defined or identified.
still,עדיין,up to and including the present or the time mentioned; even now (or then) as formerly.
structure,מבנה,the arrangement of and relations between the parts or elements of something complex.
study,ללמוד,"the devotion of time and attention to gaining knowledge of an academic subject, especially by means of books."
supposed,"אמור,צפוי","generally assumed or believed to be the case, but not necessarily so."
surface,משטח,the outside part or uppermost layer of something.
take advantage of something,"לנצל,להשתמש ביתרון",make good use of the opportunities offered by (something).
thanks to sb/something,"הודות ל,בזכות",by reason of; because of.
theory,תיאוריה,"a supposition or a system of ideas intended to explain something, especially one based on general principles independent of the thing to be explained."
throw away/out something or throw something away/out,לזרוק,dispose of (something) after use.
transport,הובלה,"take or carry (people or goods) from one place to another by means of a vehicle, aircraft, or ship."
trash,זבל,discarded matter; refuse.
treatment,טיפול,medical care given to a patient for an illness or injury.
unfortunately,למרבה הצער,used to express regrettable fact or event.
unhealthy,לא בריא,not conducive to health; unwholesome.
unique,יחודי,being the only one of its kind; unlike anything else.
united,מאוחד,"joined together politically, for a common purpose, or by common feelings."
universe,יקום,all existing matter and space considered as a whole; the cosmos.
unknown,לא ידוע,not known or familiar.
unlike,לא כמו,different from; dissimilar to.
unlikely,בלתי סביר,"not likely to happen, be done, or be true."
urban,עירוני,"in, relating to, or characteristic of a city or town."
vary,"להיות מגוון,להשתנות","differ in size, amount, degree, or nature from something else of the same general class."
view,נקודת מבט,the ability to see something or to be seen from a particular place.
visible,נראה,able to be seen.
vision,חזון,the faculty or state of being able to see.
volume,נפח,a book forming part of a work or series.
whom,למי,used as the object of a verb or preposition to refer to a person or people.
wildlife,חי וצומח,wild animals collectively; the native fauna and flora of a region.
within,בתוך,inside (something).
worthwhile,שווה ערך,"worth the time, money, or effort spent; of value or importance."
would,היה,expressing the conditional mood.
above,מעל,at a higher level or layer than.
account,חשבון,a record or statement of financial expenditure or receipts relating to a particular period or purpose.
acquire,לרכוש,buy or obtain (an asset or object) for oneself.
age,גיל,the length of time that a person has lived or a thing has existed.
agriculture,חקלאות,"the science or practice of farming, including cultivation of the soil for the growing of crops and the rearing of animals to provide food, wool, and other products."
all of a sudden,פתאום,happening or coming unexpectedly.
altogether,בסך הכול,completely; totally.
anxious,חסר נוחות,"feeling or showing worry, nervousness, or unease about something with an uncertain outcome."
apparent,נראה לעין,clearly visible or understood; obvious.
appropriate,מתאים,suitable or proper in the circumstances.
atmosphere,אוירה,"the pervading tone or mood of a place, situation, or creative work."
automatically,באופן אוטומטי,without conscious thought or attention; spontaneously.
bad,רע,of poor quality or a low standard.
be in charge,להיות אחראי/ממונה,be responsible for or have control over someone or something.
"be situated in/on/by, etc",להימצא ב,be located or placed in a particular position.
behind,מאחורי,at or toward the back of something.
believe in something,להאמין ב,"accept that (something) exists, is true, or is certain to happen."
blame,להאשים,feel or declare that (someone or something) is responsible for a fault or wrong.
block,חסימה,an obstacle to the normal progress or functioning of something.
brilliant,מצויין,exceptionally clever or talented.
bring up sb or bring sb up,לגדל,raise (a child).
calculate,לחשב,determine (the amount or number of something) mathematically.
clothing,ביגוד,items worn to cover the body.
competitive,תחרותי,relating to or characterized by competition.
contemporary,עכשווי,living or occurring at the same time.
contest,תחרות,a competition for a prize or honor.
continent,יבשת,"any of the world's main continuous expanses of land (Africa, Antarctica, Asia, Australia, Europe, North America, South America)."
copy,עותק,a thing made to be similar or identical to another.
criterion,קריטריון,a principle or standard by which something may be judged or decided.
cut down something or cut something down,להפחית,reduce the amount or quantity of.
decade,עשור,a period of ten years.
declare,להכריז,announce something publicly or officially.
degree,מעלה,"a unit of measurement of angles, one three-hundred-and-sixtieth of the circumference of a circle."
deliver,למסור,"bring and hand over (a letter, parcel, or ordered goods) to the proper recipient or address."
demanding,תובעני,requiring much skill or effort.
detect,לזהות,to notice something that is partly hidden or not clear or to discover something
determine,לקבוע,to control or influence something directly
differ,להיות שונה,to be not like something or someone else
differ,להיות שונה,to be not like something or someone else
disappointed,מאוכזב,sad or displeased because someone or something has failed to fulfill one's hopes or expectations.
divide,לחלק,separate or be separated into parts.
domestic,פנימי,"relating to the home, house, or family or a person’s own country"
done,עשוי,finished; completed.
double,כפול,"consisting of two equal, identical, or similar parts or things."
economical,כלכלי,"giving good value or service in relation to the amount of money, time, or effort spent."
editor,עורך,"a person who is in charge of and determines the final content of a text, particularly a newspaper or magazine."
either way,כך או כך,used to introduce a point that is not affected by the alternatives previously mentioned.
element,אלמנט,"a part or aspect of something abstract, especially one that is essential or characteristic."
emerge,"לצאת,להתגלות",move out of or away from something and become visible.
emotion,רגש,"a natural instinctive state of mind deriving from one's circumstances, mood, or relationships with others."
exception,יוצא מן הכלל,a person or thing that is excluded from a general statement or does not follow a rule.
exchange,החלפה,the giving of one thing and receiving of another (especially of the same type or value) in return.
expected,צפוי,regarded as likely to happen.
expedition,משלחת,"a journey undertaken by a group of people with a particular purpose, especially that of exploration, research, or war."
expense,הוצאה,the cost incurred in or required for something.
export,יצוא,send (goods or services) to another country for sale.
expression,"ביטוי, התבטאות",the process of making known one's thoughts or feelings.
extend,"להרחיב, להושיט יד",cause to cover a larger area; make longer or wider.
extreme,קיצוני,reaching a high or the highest degree; very great.
farther/further,רחוק יותר,"at, to, or by a greater distance (used to indicate the extent to which one thing or person is or becomes distant from another)."
fed up,נמאס לו,bored or frustrated and unhappy (especially with a situation which has lasted too long).
fetch,להביא,go for and then bring back (someone or something) for someone.
final,סופי,coming at the end of a series.
fit,"תואם (,בכושר, חטוב)","of a suitable quality, standard, or type to meet the required purpose."
generation,דור,"all of the people born and living at about the same time, regarded collectively."
genuine,אמיתי,truly what something is said to be; authentic.
get rid of something,להיפטר ממשהו,dispose of or throw away (something unwanted).
get something wrong,לא להבין נכון,fail to understand or interpret something correctly.
get worse,"להרע, להדרדר",deteriorate or become more unpleasant.
give away something,למסור בחינם,give something to someone without asking for payment.
go out,לצאת,leave one's house to go somewhere socially.
hidden,מוסתר,kept out of sight; concealed.
highlight,להדגיש,emphasize or make something stand out.
historian,היסטוריון,"an expert in or student of history, especially that of a particular period, geographical region, or social phenomenon."
historic,היסטורי,famous or important in history
identical,זהה,similar in every detail; exactly alike.
immigration,הגירה,the action of coming to live permanently in a foreign country.
import,לייבא,bring (goods or services) into a country from abroad for sale.
impress,להרשים,make (someone) feel admiration and respect.
impression,רושם,"an idea, feeling, or opinion about something or someone, especially one formed without conscious thought or on the basis of little evidence."
incredible,מדהים,impossible to believe.
indoors,בתוך מבנה,inside a building.
infection,זיהום,a condition in which bacteria or viruses that cause disease have entered the body
input,קלט,"what is put in, taken in, or operated on by any process or system."
inside,מבפנים,within the interior of something; inner part.
interaction,אינטראקציה,reciprocal action or influence.
interpret,לפרש,explain the meaning of (information or actions).
interrupt,להפריע,stop the continuous progress of (an activity or process).
involvement -מעורבות,the fact or condition of participating in something.,
issue,נושא,an important topic or problem for debate or discussion.
it looks like/as if/as though,זה נראה כאילו,it seems probable or likely that.
jam,ריבה,a sweet spread or preserve made from fruit and sugar boiled to a thick consistency.
journalist,עיתונאי,"a person who writes for newspapers, magazines, or news websites or prepares news to be broadcast."
judgment,שיקול דעת,the ability to make considered decisions or come to sensible conclusions.
"just as bad / good / tall /clever, etc (as sb/something)",בדיוק כמו,of the same degree or quality as.
justice,צדק,fairness in the way people are dealt with
keen,נלהב,having or showing eagerness or enthusiasm.
keep,לשמור,have or retain possession of.
kit,ערכה,a set of articles or equipment needed for a specific purpose.
learn,ללמוד,"gain or acquire knowledge of or skill in (something) by study, experience, or being taught."
lecture,הרצאה,"an educational talk to an audience, especially to students in a university or college."
light,אור,the natural agent that stimulates sight and makes things visible.
living,חי,the pursuit of a lifestyle of the specified type.
logical,הגיוני,"characterized by or capable of clear, sound reasoning."
look forward to something/doing something,לצפות,feel pleased and excited about something that is going to happen.
lower,תחתי,less high in position.
make sense,להשמע הגיוני,be coherent or intelligible; be understandable.
make up something,להמציא סיפור,invent a story or lie.
make up your mind or make your mind up,להחליט,decide to do or have something.
mend,לתקן,repair (something that is broken or damaged).
mixture,תערובת,a substance made by mixing other substances together.
monthly,חודשי,"done, produced, or occurring once a month."
mystery,תעלומה,something that is difficult or impossible to understand or explain.
name,לציין,"specify (an amount, time, or place) as something desired, suggested, or decided on."
native -מקומי,associated with the place or circumstances of a person's birth.,
neither … nor,לא זה ולא זה,not the one nor the other of two people or things; not either.
nightmare,סיוט,a frightening or unpleasant dream.
nonsense,שטויות,spoken or written words that have no meaning or make no sense.
"not believe / understand / hear / say, etc. a word",לא להאמין,"refuse to believe, accept, or comply with something."
not until,לא עד ש,only after (the event or time mentioned).
occupation,עיסוק,a job or profession.
occupy,לשלוט,take control or possession of a place
oil,שמן,a thick liquid that comes from petroleum
on the whole,באופן כללי,generally; taking everything into account.
open,פתוח,"allowing access, passage, or a view through an empty space"
operate,לתפעל,function in a specified manner.
organ,איבר,a part of the body of an animal or plant that performs a particular job.
organization,ארגון,an organized group of people with a particular purpose
outstanding,מצטיין,exceptionally good.
part-time,חֶלְקִי,done for only part of the time it is usually possible to work.
patient,סבלני,able to accept or tolerate delays or problems without becoming annoyed or anxious.
peculiar,מוזר,strange or odd; unusual.
place,מקום,a particular position or point in space.
point,נקודה,a particular time or stage reached in a process
point,לכוון,to hold something so that it faces towards someone or something.
position,מיקום,a place where someone or something is located or has been put.
potential,פוטנציאל,possible when the necessary conditions exist.
preference,העדפה,a greater liking for one alternative over another or others.
present,נוכח,being in a specified place.
pressure,לחץ,the force you produce when you press something.
prime,ראשוני,of first importance; main.
principal,ראשי,main; head of school
promote,לקדם,"support or actively encourage (a cause, venture, etc.)."
put up with something/sb,לסבול,tolerate or endure (something unpleasant or difficult).
reach,להגיע,arrive at; get as far as.
reason,סיבה,"a cause, explanation, or justification for an action or event."
record,רשומות,stored information about someone or something.
reflect,לשקף,"throw back (heat, light, or sound) without absorbing it."
register,להירשם,enter or record on an official list or directory.
regret,להתחרט,feel sorry about a situation or a mistake you have made
relate,לקשר,make or show a connection between.
relax,להרפות,make or become less tense or anxious.
remark,להעיר,comment; mention.
remote,מרוחק,far away in distance.
replace,להחליף,take the place of.
rescue,להציל,save (someone) from a dangerous or difficult situation.
respect,לכבד,admiration felt or shown for someone or something.
retire,לפרוש,leave one's job.
right,נכון,"morally good, justified, or acceptable."
role,תפקיד,"function, purpose"
room,חדר,space that can be occupied or where something can be done.
rough,גס,not exact
rule,כלל,"law, regulation."
rule,לשלוט,have supreme power or authority over / govern
run,לרוץ,operate or manage a business
rush,למהר,move with urgent haste; hurry.
satisfy,לספק,"meet the expectations, needs, or desires of (someone)."
scale,קנה מידה,"scale, ratio"
scene,סצנה,a part of a play or film.
schedule,לוח זמנים,a list of the times when events are planned to happen.
sensitive,רגיש,"quick to detect or respond to slight changes, signals, or influences."
service,שירות,the action of helping or doing work for someone.
set,קבוע / יציב- fixed.,
setting,תפאורה- the place where a film or play is recorded or performed.,
shortly,בקרוב,in a short time; soon.
shut (something) down,לסגור,close or block the entrance or exit of (a building or vehicle).
similarity,דמיון,the state or fact of being similar.
slow (sb/something) down / up,לאט,reduce or decrease the speed or rate of (something).
so-called,לכאורה,named or called in a particular way.
society,חברה,group of people living together in a more or less ordered community.
sooner or later,במוקדם או במאוחר- at some time in the future.,
spectacular,מרהיב,beautiful in a dramatic and eye-catching way.
speech,נאום,a formal talk.
spoil,להרוס,"to destroy or reduce the pleasure, interest, or beauty of something"
start (something) off,להתחיל,begin or set out (on a journey or activity).
style,סגנון,a manner of doing something.
sum up (something/sb),לסכם,give a brief summary of something.
summary,תקציר,a brief statement or account of the main points of something.
support,לתמוך,bear all or part of the weight of; hold up.
survive,"לשרוד- continue to live or exist, especially in spite of danger or hardship.",
take into account something,לקחת בחשבון,consider or regard (someone or something) as being the thing mentioned.
take part,להשתתף,participate or become involved in.
take place,מתרחש- happen; occur.,
take the/this opportunity to do something,לנצל את ההזדמנות,use a situation to do something that you want to do.
take sb/something seriously,לקחת ברצינות,regard someone or something with earnestness or respect.
take/accept/claim responsibility for something,לקחת אחריות,assume or undertake the obligation or duty for something.
the headlines,כותרות,the heading or caption of a newspaper article.
the heart of something,לב,the central or most important part of something.
the main thing,הדבר העיקרי,the most important aspect or element of something.
the reality/realities of something,מציאות,"the state of things as they actually exist, as opposed to an idealistic or notional idea of them."
theme,נושא,"the subject of a talk, piece of writing, exhibition, etc.; a topic."
to,ל,expressing motion in the direction of (a particular location).
to start with,להתחיל,at the beginning of a sequence of events or time.
treasure,אוצר,"a quantity of precious metals, gems, or other valuable objects."
try,לנסות,make an attempt or effort to do something.
turn,לפנות או להפוך,move or cause to move in a circular direction wholly or partly around an axis or point.
uncomfortable,לא נוח,causing or feeling slight pain or physical discomfort.
underneath,מתחת,situated directly below (something else).
understand,להבין,"perceive the intended meaning of (words, a language, or a speaker)."
undo,לבטל,cancel or reverse the effects or results of (a previous action or measure).
unemployed,לא עובד,not currently in paid employment.
unexpected,לא צפוי,not expected or regarded as likely to happen.
up-to-date,מעודכן,incorporating the latest information or concepts.
urgent,דחוף,requiring immediate action or attention.
use up something,להשתמש,consume or expend a resource.
virtual reality,מציאות מדומה,an artificial environment which is experienced through sensory stimuli (such as sights and sounds) provided by a computer and in which one's actions partially determine what happens in the environment.
"vowel -אות ניקוד, הברה",a speech sound which is produced by comparatively open configuration of the vocal tract.,
waste,פסולת,"use or expend carelessly, extravagantly, or to no purpose."
wealth,עושר,an abundance of valuable possessions or money.
welcome,ברוך הבא,greet (someone arriving) in a polite or friendly way.
wherever,"באיפה ש, בכל מקום ש",in or to whatever place (emphasizing a lack of restriction).
(all) on your own,(הכל) לבדך,without any help from others.
(at) any minute; any minute now,(בכל) רגע נתון; ברגע נתון,very soon; imminently.
"(be) in your twenties / 20s / thirties / 30s, etc",(היות) בעשרות השנים / בעשרים / בשלושים / בשלושים ומשהו וכו',"to be between the ages of twenty and twenty-nine / thirty and thirty-nine, etc."
absorb,לספוג,"take in or soak up (energy or a liquid or other substance) by chemical or physical action, typically gradually."
access,גישה,the means or opportunity to approach or enter a place.
ambition,שאיפה,"a strong desire to do or achieve something, typically requiring determination and hard work."
annoy,להטריף,irritate (someone); make (someone) a little angry.
argue,להתווכח,"give reasons or cite evidence in support of an idea, action, or theory, typically with the aim of persuading others to share one's view."
as a matter of fact,למעשה,used to emphasize that something surprising or significant is true or the case.
ashamed,נבוך,"embarrassed or guilty because of one's actions, characteristics, or associations."
aside,לצד,to one side; out of the way.
assure,להבטיח,tell someone something positively or confidently to dispel any doubts they may have.
"at his/its, etc. best",בטובו,performing at the highest level of one's ability or potential.
attraction,אטרקציה,"a quality or feature that evokes interest, liking, or desire."
awareness,מודעות,knowledge or perception of a situation or fact.
barely,בקושי,only just; almost not.
barrier,מחסום,a fence or other obstacle that prevents movement or access.
"be (just) about to do something -כמעט לשעות משהו, כמעט להתחיל לעשות",be on the point of doing or experiencing something; be ready or likely to do something.,
be out of something,להיות חסר משהו,"have none left of something, especially a commodity that is typically quickly depleted."
beat,להכות,"strike (a person or an animal) repeatedly and violently so as to hurt or injure them, typically with an implement such as a club or whip."
bend,לכפוף,shape or force (something straight) into a curve or angle.
biology,ביולוגיה,"the study of living organisms, divided into many specialized fields that cover their morphology, physiology, anatomy, behavior, origin, and distribution."
bitter,מר,"having a sharp, pungent taste or smell; not sweet."
bold -אמיץ,"(of a person, action, or idea) showing an ability to take risks; confident and courageous.",
bother,"להציק, להפריע",take the trouble to do something.
bottom,תחתית,the lowest point or part of something.
breeze,רוח קלילה,a gentle wind.
brilliant,מבריק,exceptionally clever or talented.
can tell,יכול לומר,be able to discern (information) from various sources.
capacity,קיבולת,the maximum amount that something can contain.
cash,מזומן,"money in coins or notes, as distinct from checks, money orders, or credit."
capture,לתפוס,take into one's possession or control by force.
casual,"נינוח, יומיומי, פשוט",relaxed and unconcerned.
ceremony,טקס,"a formal religious or public occasion, typically one celebrating a particular event or anniversary."
chairperson,"יו""ר","a person who presides over a meeting, gathering, committee, or other assembly."
chase,לרדוף,pursue in order to catch or catch up with.
cheat,לרמות,"act dishonestly or unfairly in order to gain an advantage, especially in a game or examination."
classic,קלאסי,judged over a period of time to be of the highest quality and outstanding of its kind.
clinic,מרפאה,"a place or hospital department where outpatients are given medical treatment or advice, especially of a specialist nature."
coach,מאמן,a person who trains an athlete or a team of athletes.
collector,אספן,"a person who collects things of a specified type, professionally or as a hobby."
correspond,להתאים,have a close similarity; match or agree almost exactly.
costume,תחפושת,a set of clothes in a style typical of a particular country or historical period.
courage,אומץ,the ability to do something that frightens one; bravery.
cover,לכסות,put something such as a cloth or lid on top of or in front of (something) in order to protect or conceal it.
cure,לרפא,relieve (a person or animal) of the symptoms of a disease or condition.
cyberbullying,בריונות ברשת,"the use of electronic communication to bully a person, typically by sending messages of an intimidating or threatening nature."
cycle,לרכוב,ride a bicycle or motorcycle.
deaf,חרש,lacking the power of hearing or having impaired hearing.
debt,חוב,"something, typically money, that is owed or due."
decorate,לקשט,make (something) look more attractive by adding extra items or images to it.
dedicate,להקדיש,"devote (time, effort, or oneself) to a particular task or purpose."
departure,עזיבה,"the action of leaving, typically to start a journey."
deposit,הפקדה,"a sum of money placed or kept in a bank account, usually to gain interest."
deserve,"מגיע למישהו (גמול על משהו, טוב או רע)",do something or have or show qualities worthy of (reward or punishment).
destination,יעד,the place to which someone or something is going or being sent.
"direct -להכוין, לכוון",control the operations of; manage or govern.,
disabled,נכים או בעלי מוגבלויות,"(of a person) having a physical or mental condition that limits movements, senses, or activities."
dispute,סכסוך,a disagreement or argument.
distinguish,להבחין,recognize or treat (someone or something) as different.
disturb,להפריע,interfere with the normal arrangement or functioning of.
"do a good/excellent, etc. job",לעשות עבודה טובה / מצוינת וכו',"perform a task well, achieving a high standard."
dozen,עשרות,a group or set of twelve.
draft,לכתוב טיוטה,prepare a preliminary version of (a text).
dramatic,דרמטי,relating to drama or the performance or study of drama.
earth,כדור הארץ,the planet on which we live; the world.
earthquake,רעידת אדמה,"a sudden and violent shaking of the ground, sometimes causing great destruction, as a result of movements within the earth's crust or volcanic action."
elderly,זקנה,(of a person) old or aging.
enter,להיכנס,come or go into (a place).
episode,פרק,a finite period in which someone is affected by a specified illness.
equal,שווה,"being the same in quantity, size, degree, or value."
escape,לברוח,break free from confinement or control.
fare,תעריף,the money a passenger on public transportation has to pay.
fire,אש,"the burning of inflammable materials producing heat, light, and often smoke."
firm,חברה,"a business concern, especially one involving a partnership of two or more people."
float,לצוף,rest or move on or near the surface of a liquid without sinking.
fold,לקפל,bend (something flexible and relatively flat) over on itself so that one part of it covers another.
follow,לעקוב אחר,go or come after (a person or thing proceeding ahead); move or travel behind.
for the sake of something/sb; for something's/sb's sake,בשביל משהו / למען מישהו וכו',for the benefit or advantage of something or someone; out of consideration for something or someone.
formal,פורמלי,done in accordance with convention or etiquette; suitable for or constituting an official or important situation or occasion.
former,לשעבר,having previously filled a particular role or been a particular thing.
fortune,מזל,"chance or luck as an external, arbitrary force affecting human affairs."
free,חופשי,not under the control or in the power of another; able to act or be done as one wishes.
free will,רצון חופשי,the power of acting without the constraint of necessity or fate; the ability to act at one's own discretion.
frozen,קפוא,turned into ice; affected by freezing or by long and severe cold.
generous,נדיב,"showing a readiness to give more of something, especially money, than is strictly necessary or expected."
get,לקבל,come to have or hold (something); receive.
get in touch,ליצור קשר,make contact with.
give in/up,לוותר,cease fighting or arguing; admit defeat.
give up something or give something up,לוותר על משהו,cease or resign oneself to (a situation).
go ahead,להתקדם,proceed (often used as an imperative).
grab,לאחוז ב/לחטוף,grasp or seize suddenly and roughly.
grateful,אסיר תודה,feeling or showing an appreciation for kindness or benefits received.
hardware,חומרה,physical components of a computer or other electronic system.
headquarters,מטה,the location where the main offices of an organization or business are situated.
"here you are/here it is, etc.","הנה אתה / הנה זה, וכו'",used when giving something to someone or showing them something.
hold up / hold up sb/something or hold sb/something up,לעצור / לעכב מישהו / משהו,delay or hinder someone or something temporarily.
honesty,כנות,"the quality of being truthful, fair, and trustworthy."
idiom,ניב,a group of words established by usage as having a meaning not deducible from those of the individual words.
in turn,בתורו,as a result of an action done after or because of another action.
incident,תקרית,"an event or occurrence, typically one that is noteworthy or significant."
laugh,לצחוק,make the spontaneous sounds and movements of the face and body that are the instinctive expressions of lively amusement and sometimes also of derision.
layer,שכבה,"a sheet, quantity, or thickness of material, typically one of several, covering a surface or body."
leave behind sb/something or leave sb/something behind,להשאיר מאחור,go away from or abandon.
let out sb/something or let sb/something out,להוציא,allow someone or something to leave or escape from a place.
"let sb/something in / past / through, etc",לאפשר ל,allow someone or something to enter or pass through a space.
light,אור,the natural agent that stimulates sight and makes things visible.
lightly,בעדינות,without using force; delicately or gently.
liquid,נוזל,"having a consistency like that of water or oil, i.e., flowing freely but of constant volume."
lively,חיוני,full of life and energy; active and outgoing.
load,העמסה,a heavy or bulky thing that is being carried or is about to be carried.
loan,הלוואה,"a thing that is borrowed, especially a sum of money that is expected to be paid back with interest."
log in/on,להתחבר,enter one's username and password to begin using a computer or other system.
log off/out,להתנתק,exit from a computer system or online service after having accessed it.
lonely,בודד,sad because one has no friends or company.
look,מראה,the appearance or expression of someone's face.
"lose interest / patience, etc",לאבד עניין או סבלנות- become unable to find or trace someone or something.,
maker,יוצר,a person or thing that makes or produces something.
mark,סימן,"a small area on a surface having a different color from its surroundings, typically one caused by accident or damage."
marvelous,מדהים,causing great wonder; extraordinary.
mayor,ראש עיר,"the elected head of a city, town, or other municipality."
melt,להמיס,make or become liquefied by heat.
membership,חברות במועדון/אגודה וכו',the fact of being a member of a group.
message,הודעה,"a verbal, written, or recorded communication sent to or left for a recipient who cannot be contacted directly."
might as well,כדאי לעשות,used to indicate that something is true to the extent or degree stated.
miss,להתגעגע,notice the loss or absence of.
modest,צנוע,unassuming or moderate in the estimation of one's abilities or achievements.
mood,מצב רוח,a temporary state of mind or feeling.
name,שם,"a word or set of words by which a person, animal, place, or thing is known, addressed, or referred to."
off,כבוי,away from the place in question; to or at a distance.
offense,עבירה,an illegal act; a breach of a law or rule.
(every) once in a while,מדי פעם לפעם,occasionally; from time to time.
or so,בערך/לערך,approximately; about.
organic,אורגני,relating to or derived from living matter.
pace,קצב,the speed at which something happens or develops.
partner,שותף,"a person who takes part in an undertaking with another or others, especially in a business or company with shared risks and profits."
pause,עצירה רגעית של פעולה- a temporary stop in action or speech.,
peaceful,שקט,free from disturbance; tranquil.
plot,עלילה,"the main events of a play, novel, movie, or similar work, devised and presented by the writer as an interrelated sequence."
position,מיקום,a place where someone or something is located or has been put.
pour,ליצוק,flow rapidly in a steady stream.
powder,אבקה,"fine, dry particles produced by the grinding, crushing, or disintegration of a solid substance."
preposition,יחס,"a word governing, and usually preceding, a noun or pronoun and expressing a relation to another word or element in the clause."
pride,גאווה,"a feeling of deep pleasure or satisfaction derived from one's own achievements, the achievements of those with whom one is closely associated, or from qualities or possessions that are widely admired."
punish,להעניש,impose a penalty on someone for (an offense).
quarrel,ריב,"an angry argument or disagreement, typically between people who are usually on good terms."
quit,לפרוש,"leave (a place), usually permanently."
race,מירוץ,"a competition between runners, horses, vehicles, boats, etc., to see which is the fastest in covering a set course."
raw,גולמי,(of food) in its natural state; not cooked or processed.
reassure,להרגיע,say or do something to remove the doubts or fears of someone.
"remain calm/open, etc",להישאר רגוע / פתוח וכו',"stay calm, open, etc."
reserve,לשמור,refrain from delivering or revealing something.
server,שרת,a computer or computer program that manages access to a centralized resource or service in a network.
shame,בושה,a painful feeling of humiliation or distress caused by the consciousness of wrong or foolish behavior.
shaming,ביוש,the action or practice of publicly humiliating someone or something by making mocking or critical comments about them.
shelter,מקלט,a place giving temporary protection from bad weather or danger.
show up,להופיע,"arrive, especially unexpectedly or late."
side,צד,"a position to the left or right of an object, place, or central point."
sign,לחתום,write (one's name) on a document to make it official.
signal,איתות,"a gesture, action, or sound that is used to convey information or instructions, typically by prearrangement between the parties concerned."
sink,לטבוע,"descend slowly, as though collapsing or falling."
slip,להחליק,"slide unintentionally for a short distance, usually by losing balance."
smart,חכם,having or showing a quick-witted intelligence.
smooth,חלק,"(of a surface or object) having an even and regular surface or consistency; free from perceptible projections, lumps, or indentations."
"so did we/so have I/so is mine, etc.",אף אנחנו עשינו / כך היה לי / כך הוא שלי וכו',used to say that you also have done something similar or experienced something similar.
some kind of,מסוג מסוים,"a certain type of something, without specifying exactly what."
"somewhere around / between, etc.",באיזור של / בין וכו',approximately or roughly at or between a particular point or area.
"sound angry / happy / rude, etc.",להישמע כ,give the impression of being in a particular state or having a particular quality.
speak about/of something,לדבר על,talk about a particular topic or subject.
special offer,הצעה מיוחדת,a promotional deal or discount available for a limited time.
speed,מהירות,the rate at which someone or something is able to move or operate.
spill,לשפוך,"cause or allow (liquid) to flow over the edge of its container, especially unintentionally."
spirit,רוח,the nonphysical part of a person that is the seat of emotions and character; the soul.
spread,להתפשט,"open out (something) so as to extend its surface area, width, or length."
stay,להישאר,remain in the same place or condition.
strengthen,לחזק,make or become stronger.
strike,להכות,hit forcibly and deliberately with one's hand or a weapon or other implement.
strong,חזק,possessing skills and qualities that create a likelihood of success.
"struggle -, להתאבק",make forceful or violent efforts to get free of restraint or constriction. / מאבק,"a long effort to do, achieve, or deal with something that is difficult or that causes problems"
subway,מטרו,an underground electric railroad.
suffer from something,לסבול מ,experience or be subjected to (something bad or unpleasant).
super,מאוד,very; extremely.
swear,להשבע,make a solemn statement or promise undertaking to do something or affirming that something is the case.
suspect,לחשוד,"have an idea or impression of the existence, presence, or truth of (something) without certain proof."
switch,מתג,a device for making and breaking the connection in an electric circuit.
symbol,סמל,"a mark or character used as a conventional representation of an object, function, or process."
table,שולחן,"a piece of furniture with a flat top and one or more legs, providing a level surface for eating, writing, or working."
"take pleasure/pride/an interest, etc.",לקחת הנאה / גאוה / עניין וכו',"feel satisfaction, pride, or enjoyment in."
take sb's place,לקחת את מקוםו של מישהו,occupy someone's position or role in their absence.
tear,דמעה,"a drop of clear salty liquid secreted by glands in a person's eye when they cry or when the eye is irritated. // לקרוע - to separate (something) into parts by pulling it, cutting it, etc. : to rip, split, or open (something) quickly or violently"
term,מונח,"a word or phrase used to describe a thing or to express a concept, especially in a particular kind of language or branch of study."
terminal,תחנה,"a building or building complex containing transport facilities, such as railway stations, airports, bus stations, etc."
that kind/sort of thing,סוג כזה של דבר,used to refer vaguely to something of a particular type or description.
that's it,זהו,used to indicate that something is finished or concluded.
"the following day / morning, etc.",היום / הבוקר וכו' הבא,on the day or morning after the one now being mentioned.
thief,גנב,"a person who steals another person's property, especially by stealth and without using force or violence."
tight,", הדוק, צמוד","fixed, fastened, or closed firmly; hard to move, undo, or open."
tip,עצה,"a piece of advice or useful information, especially about how to do something or about the likely course of events."
tired of doing something,עייף מלעשות משהו,no longer willing to tolerate or endure (something).
tiring,"מעייף, מייגע",causing one to feel tired or weary.
touch,מגע,an act of touching someone or something.
tough,קשה,very difficult to do or deal with
trade,מסחר,the action of buying and selling goods and services.
transfer,להעביר,move (someone or something) from one place to another.
tribe,שבט,"a group of people that includes many families and relatives who have the same language, customs, and beliefs"
trick,קסם,n action that is meant to deceive someone
turn (sb/something) into sb/something,להפוך משהו / מישהו למשהו,change or transform someone or something into someone or something else.
underline,להדגיש,draw a line under (a word or phrase) to give emphasis or indicate special type.
union,איחוד,"the action or fact of joining or being joined, especially in a political context."
use,להשתמש ב,"take, hold, or deploy (something) as a means of accomplishing or achieving something; employ. // שימוש - the act of using something"
via,באמצעות,traveling through (a place) en route to a destination.
victim,קורבן,"a person harmed, injured, or killed as a result of a crime, accident, or other event or action."
warm,לחמם,to become warm or to make (someone or something) warm
weakness,חולשה,the state or condition of lacking strength.
wear (something) out or wear out (something),להתיש,to annoy or bother (someone)
weather forecast,תחזית מזג אוויר,a statement of what the weather is likely to be for a particular period.
weigh,לשקול,"find out how heavy (someone or something) is, typically using scales."
weird,מוזר,suggesting something supernatural; uncanny.
whatever,כל מה ש,"used to emphasize a lack of restriction in referring to any thing or amount, no matter what."
Who cares?,למי  אכפת?,expressing indifference or dismissal of a matter.
wise,חכם,"having or showing experience, knowledge, and good judgment."
wrap,לעטוף,to cover (something) by winding or folding a piece of material around it
Yours sincerely,בברכה,a formula used to end a formal letter when the recipient's name is known.
will,רצון,a person's choice or desire in a particular situation